variant_id,scored_interval,gene_id,gene_name,gene_type,gene_strand,junction_Start,junction_End,output_type,variant_scorer,track_name,track_strand,Assay title,ontology_curie,biosample_name,biosample_type,biosample_life_stage,gtex_tissue,data_source,raw_score,quantile_score
chrX:108683982:A>C,chrX:108159694-109208270:.,ENSG00000188153,COL4A5,protein_coding,+,108681888,108687481,SPLICE_JUNCTIONS,SpliceJunctionScorer(),junction_UBERON:0002113 polyA plus RNA-seq,.,polyA plus RNA-seq,UBERON:0002113,kidney,tissue,adult,,encode,0.024734497,0.9131995
chrX:108683982:A>C,chrX:108159694-109208270:.,ENSG00000188153,COL4A5,protein_coding,+,108571837,108575909,SPLICE_JUNCTIONS,SpliceJunctionScorer(),junction_UBERON:0002113 polyA plus RNA-seq,.,polyA plus RNA-seq,UBERON:0002113,kidney,tissue,adult,,encode,0.021881104,0.88394535
chrX:108683982:A>C,chrX:108159694-109208270:.,ENSG00000188153,COL4A5,protein_coding,+,108591644,108596997,SPLICE_JUNCTIONS,SpliceJunctionScorer(),junction_UBERON:0002113 polyA plus RNA-seq,.,polyA plus RNA-seq,UBERON:0002113,kidney,tissue,adult,,encode,0.020492554,0.86362827
chrX:108683982:A>C,chrX:108159694-109208270:.,ENSG00000188153,COL4A5,protein_coding,+,108586747,108595508,SPLICE_JUNCTIONS,SpliceJunctionScorer(),junction_UBERON:0002113 polyA plus RNA-seq,.,polyA plus RNA-seq,UBERON:0002113,kidney,tissue,adult,,encode,0.014259338,0.7156284
chrX:108683982:A>C,chrX:108159694-109208270:.,ENSG00000188153,COL4A5,protein_coding,+,108622825,108625704,SPLICE_JUNCTIONS,SpliceJunctionScorer(),junction_UBERON:0002113 polyA plus RNA-seq,.,polyA plus RNA-seq,UBERON:0002113,kidney,tissue,adult,,encode,0.021591187,0.8791271
chrX:108683982:A>C,chrX:108159694-109208270:.,ENSG00000188153,COL4A5,protein_coding,+,108615024,108655330,SPLICE_JUNCTIONS,SpliceJunctionScorer(),junction_UBERON:0002113 polyA plus RNA-seq,.,polyA plus RNA-seq,UBERON:0002113,kidney,tissue,adult,,encode,0.013160706,0.6766247
chrX:108683982:A>C,chrX:108159694-109208270:.,ENSG00000188153,COL4A5,protein_coding,+,108580738,108582883,SPLICE_JUNCTIONS,SpliceJunctionScorer(),junction_UBERON:0002113 polyA plus RNA-seq,.,polyA plus RNA-seq,UBERON:0002113,kidney,tissue,adult,,encode,0.015853882,0.7643487
chrX:108683982:A>C,chrX:108159694-109208270:.,ENSG00000188153,COL4A5,protein_coding,+,108686129,108692747,SPLICE_JUNCTIONS,SpliceJunctionScorer(),junction_UBERON:0002113 polyA plus RNA-seq,.,polyA plus RNA-seq,UBERON:0002113,kidney,tissue,adult,,encode,0.01171875,0.6188126
chrX:108683982:A>C,chrX:108159694-109208270:.,ENSG00000188153,COL4A5,protein_coding,+,108674753,108680678,SPLICE_JUNCTIONS,SpliceJunctionScorer(),junction_UBERON:0002113 polyA plus RNA-seq,.,polyA plus RNA-seq,UBERON:0002113,kidney,tissue,adult,,encode,0.013771057,0.6964799
chrX:108683982:A>C,chrX:108159694-109208270:.,ENSG00000188153,COL4A5,protein_coding,+,108615723,108620258,SPLICE_JUNCTIONS,SpliceJunctionScorer(),junction_UBERON:0002113 polyA plus RNA-seq,.,polyA plus RNA-seq,UBERON:0002113,kidney,tissue,adult,,encode,0.01399231,0.70614517
chrX:108683982:A>C,chrX:108159694-109208270:.,ENSG00000188153,COL4A5,protein_coding,+,108681888,108687481,SPLICE_JUNCTIONS,SpliceJunctionScorer(),junction_UBERON:0002113 total RNA-seq,.,total RNA-seq,UBERON:0002113,kidney,tissue,adult,,encode,0.027313232,0.9113531
chrX:108683982:A>C,chrX:108159694-109208270:.,ENSG00000188153,COL4A5,protein_coding,+,108571837,108575909,SPLICE_JUNCTIONS,SpliceJunctionScorer(),junction_UBERON:0002113 total RNA-seq,.,total RNA-seq,UBERON:0002113,kidney,tissue,adult,,encode,0.024383545,0.88394535
chrX:108683982:A>C,chrX:108159694-109208270:.,ENSG00000188153,COL4A5,protein_coding,+,108591644,108596997,SPLICE_JUNCTIONS,SpliceJunctionScorer(),junction_UBERON:0002113 total RNA-seq,.,total RNA-seq,UBERON:0002113,kidney,tissue,adult,,encode,0.018463135,0.776587
chrX:108683982:A>C,chrX:108159694-109208270:.,ENSG00000188153,COL4A5,protein_coding,+,108586747,108595508,SPLICE_JUNCTIONS,SpliceJunctionScorer(),junction_UBERON:0002113 total RNA-seq,.,total RNA-seq,UBERON:0002113,kidney,tissue,adult,,encode,0.016143799,0.71090984
chrX:108683982:A>C,chrX:108159694-109208270:.,ENSG00000188153,COL4A5,protein_coding,+,108622825,108625704,SPLICE_JUNCTIONS,SpliceJunctionScorer(),junction_UBERON:0002113 total RNA-seq,.,total RNA-seq,UBERON:0002113,kidney,tissue,adult,,encode,0.026290894,0.9036088
chrX:108683982:A>C,chrX:108159694-109208270:.,ENSG00000188153,COL4A5,protein_coding,+,108615024,108655330,SPLICE_JUNCTIONS,SpliceJunctionScorer(),junction_UBERON:0002113 total RNA-seq,.,total RNA-seq,UBERON:0002113,kidney,tissue,adult,,encode,0.016204834,0.71090984
chrX:108683982:A>C,chrX:108159694-109208270:.,ENSG00000188153,COL4A5,protein_coding,+,108580738,108582883,SPLICE_JUNCTIONS,SpliceJunctionScorer(),junction_UBERON:0002113 total RNA-seq,.,total RNA-seq,UBERON:0002113,kidney,tissue,adult,,encode,0.020721436,0.82762593
chrX:108683982:A>C,chrX:108159694-109208270:.,ENSG00000188153,COL4A5,protein_coding,+,108686129,108692747,SPLICE_JUNCTIONS,SpliceJunctionScorer(),junction_UBERON:0002113 total RNA-seq,.,total RNA-seq,UBERON:0002113,kidney,tissue,adult,,encode,0.017028809,0.7385101
chrX:108683982:A>C,chrX:108159694-109208270:.,ENSG00000188153,COL4A5,protein_coding,+,108674753,108680678,SPLICE_JUNCTIONS,SpliceJunctionScorer(),junction_UBERON:0002113 total RNA-seq,.,total RNA-seq,UBERON:0002113,kidney,tissue,adult,,encode,0.017990112,0.7643487
chrX:108683982:A>C,chrX:108159694-109208270:.,ENSG00000188153,COL4A5,protein_coding,+,108615723,108620258,SPLICE_JUNCTIONS,SpliceJunctionScorer(),junction_UBERON:0002113 total RNA-seq,.,total RNA-seq,UBERON:0002113,kidney,tissue,adult,,encode,0.018096924,0.768479
chrX:108683982:A>C,chrX:108159694-109208270:.,ENSG00000188153,COL4A5,protein_coding,+,,,SPLICE_SITE_USAGE,"GeneMaskSplicingScorer(requested_output=SPLICE_SITE_USAGE, width=None)",usage_UBERON:0002113 polyA plus RNA-seq,+,polyA plus RNA-seq,UBERON:0002113,kidney,tissue,adult,,encode,0.005859375,0.52880806
chrX:108683982:A>C,chrX:108159694-109208270:.,ENSG00000188153,COL4A5,protein_coding,+,,,SPLICE_SITE_USAGE,"GeneMaskSplicingScorer(requested_output=SPLICE_SITE_USAGE, width=None)",usage_UBERON:0002113 total RNA-seq,+,total RNA-seq,UBERON:0002113,kidney,tissue,adult,,encode,0.0078125,0.7559361
